Hexagram Number,Hexagram Name,Binary Sequence,Judgment,Image,Lines,Keywords,Changing Lines,Commentary,Element,Astrological Association,Mythological Association,Affirmation
1,The Creative,111111,"The Creative works sublime success, furthering through perseverance.",The movement of heaven is full of power. Thus the superior man makes himself strong and untiring.,"{'line_1': 'Hidden dragon. Do not act.', 'line_2': 'Dragon appearing in the field. It furthers one to see the great man.', 'line_3': 'All day long the superior man is creatively active.', 'line_4': 'Wavering flight over the depths.', 'line_5': 'Flying dragon in the heavens.', 'line_6': 'Arrogant dragon will have cause to repent.'}","Creativity, strength, power",,,Heaven,Aries,Dragon,I am strong and creative.
2,The Receptive,000000,"The Receptive brings about sublime success, furthering through the perseverance of a mare.",The earth's condition is receptive devotion. Thus the superior man who has breadth of character carries the outer world.,"{'line_1': 'When there is hoarfrost underfoot, solid ice is not far off.', 'line_2': 'Straight, square, and great. Without purpose, yet nothing remains unfurthered.', 'line_3': 'Hidden lines. One is able to remain persevering.', 'line_4': 'A tied-up sack. No blame, no praise.', 'line_5': 'A yellow lower garment brings supreme good fortune.', 'line_6': 'Dragons fight in the meadow. Their blood is black and yellow.'}","Receptivity, patience, nurturing",,,Earth,Taurus,Earth,I am patient and nurturing.
3,Difficulty at the Beginning,010001,"Difficulty at the beginning works supreme success, furthering through perseverance. Nothing should be undertaken.",Clouds and thunder: the image of Difficulty at the Beginning. Thus the superior man brings order out of confusion.,"{'line_1': 'Hesitation and hindrance. It furthers one to remain persevering.', 'line_2': 'Difficulties pile up. Horse and wagon part. He is not a robber; he will woo at the right time.', 'line_3': 'Who overcomes by force must meet with repentance. Misfortune.', 'line_4': 'Perseverance brings good fortune. Remorse disappears.', 'line_5': 'A tree is born from a single seedling. Undertakings bring reward.', 'line_6': 'Horse and wagon part. Misfortune.'}","Difficulty, perseverance, patience",,,Water,Gemini,Thunder,I persevere through difficulties.
4,Youthful Folly,001010,"Youthful Folly has success. It is not I who seek the young fool; the young fool seeks me. At the first oracle, I inform him. If he asks two or three times, it is importunity. If he importunes, I give him no information.",A spring wells up at the foot of the mountain: the image of Youth. Thus the superior man fosters his character by thoroughness in all that he does.,"{'line_1': 'To make a fool develop it furthers one to apply discipline. The fetters should be removed.', 'line_2': 'To bear with fools in kindliness brings good fortune. To know how to take women brings good fortune. The son is capable of taking charge of the household.', 'line_3': 'Take not a maiden who, when she sees a man of bronze, loses possession of herself. Nothing furthers.', 'line_4': 'Entangled folly brings humiliation.', 'line_5': 'Childlike folly brings good fortune.', 'line_6': 'In punishing folly, it does not further one to commit transgressions.'}","Folly, learning, growth",,,Earth,Cancer,Spring,I grow and learn from folly.
5,Waiting,001100,"Waiting. If you are sincere, you have light and success. Perseverance brings good fortune. It furthers one to cross the great water.","Clouds rise up to heaven: the image of Waiting. Thus the superior man eats and drinks, is joyous and of good cheer.","{'line_1': 'Waiting in the meadow. It furthers one to abide in what endures. No blame.', 'line_2': 'Waiting on the sand. There is some gossip. The end brings good fortune.', 'line_3': 'Waiting in the mud brings about the arrival of the enemy.', 'line_4': 'Waiting in blood. Get out of the pit.', 'line_5': 'Waiting with food and drink. Perseverance brings good fortune.', 'line_6': 'One falls into the pit. Three uninvited guests arrive. Honor them, and in the end, there will be good fortune.'}","Waiting, patience, perseverance",,,Water,Leo,Clouds,I wait patiently and persevere.
46,Pushing Upward,001110,Pushing Upward has supreme success. One must see the great man. Fear not. Departure toward the south brings good fortune.,"Within the earth, wood grows: the image of Pushing Upward. Thus the superior man of devoted character heaps up small things in order to achieve something high and great.","{'line_1': 'Pushing upward that meets with confidence brings great good fortune.', 'line_2': 'If one is sincere, it furthers one to bring even a small offering. No blame.', 'line_3': 'One pushes upward into an empty city.', 'line_4': ""The king offers him Mount Ch'i. Good fortune. No blame."", 'line_5': 'Perseverance brings good fortune. One pushes upward by steps.', 'line_6': 'Pushing upward in darkness. It furthers one to be unremittingly persevering.'}","Pushing upward, perseverance, progress",,,Wood and Earth,Taurus,Progress,I push upward with perseverance and progress.
47,Oppression (Exhaustion),011010,"Oppression. Success. Perseverance. The great man brings good fortune. No blame. When one has something to say, it is not believed.",There is no water in the lake: the image of Exhaustion. Thus the superior man stakes his life on following his will.,"{'line_1': 'One sits oppressed under a bare tree and strays into a gloomy valley. For three years one sees nothing.', 'line_2': 'One is oppressed while at meat and drink. The man with the scarlet knee bands is just coming. It furthers one to offer sacrifice. To set forth brings misfortune. No blame.', 'line_3': 'A man permits himself to be oppressed by stone, and leans on thorns and thistles. He enters his house and does not see his wife. Misfortune.', 'line_4': 'He comes very quietly, oppressed in a golden carriage. Humiliation, but the end is reached.', 'line_5': 'His nose and feet are cut off. Oppression at the hands of the man with the purple knee bands. Joy comes softly. It furthers one to make offerings and libations.', 'line_6': ""He is oppressed by creeping vines. He moves uncertainly and says, 'Movement brings remorse.' If one feels remorse over this and makes a start, good fortune comes.""}","Oppression, perseverance, endurance",,,Lake and Water,Pisces,Endurance,I endure oppression with perseverance and strength.
48,The Well,011001,"The Well. The town may be changed, but the well cannot be changed. It neither decreases nor increases. They come and go and draw from the well. If one gets down almost to the water and the rope does not go all the way, or the jug breaks, it brings misfortune.","Water over wood: the image of The Well. Thus the superior man encourages the people at their work, and exhorts them to help one another.","{'line_1': 'One does not drink the mud of the well. No animals come to an old well.', 'line_2': 'At the wellhole one shoots fishes. The jug is broken and leaks.', 'line_3': ""The well is cleaned, but no one drinks from it. This is my heart's sorrow, for one might draw from it. If the king were clear-minded, good fortune might be enjoyed in common."", 'line_4': 'The well is being lined. No blame.', 'line_5': 'In the well there is a clear, cold spring from which one can drink.', 'line_6': 'One draws from the well without hindrance. It is dependable. Supreme good fortune.'}","The Well, resource, stability",,,Water and Wood,Cancer,Resource,I draw from the well of resources with stability.
49,Revolution (Molting),011110,Revolution. On your own day you are believed. Supreme success. Furthering through perseverance. Remorse disappears.,Fire in the lake: the image of Revolution. Thus the superior man sets the calendar in order and makes the seasons clear.,"{'line_1': 'Wrapped in the hide of a yellow cow.', 'line_2': ""When one's own day comes, one may create revolution. Starting brings good fortune. No blame."", 'line_3': 'Starting brings misfortune. Perseverance brings danger. When talk of revolution has gone the rounds three times, one may commit himself, and men will believe him.', 'line_4': 'Remorse disappears. Men believe him. Changing the form of government brings good fortune.', 'line_5': 'The great man changes like a tiger. Even before he questions the oracle he is believed.', 'line_6': 'The superior man changes like a panther. The inferior man molts in the face. Starting brings misfortune. To remain persevering brings good fortune.'}","Revolution, change, perseverance",,,Fire and Lake,Aquarius,Change,I embrace revolution with change and perseverance.
50,The Cauldron,101110,The Cauldron. Supreme good fortune. Success.,Fire over wood: the image of The Cauldron. Thus the superior man consolidates his fate by making his position correct.,"{'line_1': 'A cauldron with legs upturned. Favors are bestowed upon him.', 'line_2': 'There is food in the cauldron. My comrades are envious, but they cannot harm me. Good fortune.', 'line_3': 'The handle of the cauldron is changed. One is impeded in his way of life. The fat of the pheasant is not eaten. Once rain falls, remorse is spent. Good fortune comes in the end.', 'line_4': ""The legs of the cauldron are broken. The prince's meal is spilled and his person is soiled. Misfortune."", 'line_5': 'The cauldron has yellow handles, golden carrying rings. Perseverance furthers.', 'line_6': 'The cauldron has rings of jade. Great good fortune. Nothing that would not act to further.'}","The Cauldron, nourishment, success",,,Fire and Wood,Leo,Nourishment,I nourish myself and others with success.
51,"Shock (The Arousing, Thunder)",001001,"Shock brings success. Shock comes—oh, oh! Laughing words—ha, ha! The shock terrifies for a hundred miles, and he does not let fall the sacrificial spoon and chalice.",Thunder repeated: the image of Shock. Thus in fear and trembling the superior man sets his life in order and examines himself.,"{'line_1': 'Shock comes—oh, oh! Then follows laughing words—ha, ha! Good fortune.', 'line_2': 'Shock comes bringing danger. A hundred thousand times you lose your treasures and must climb the nine hills. Do not go in pursuit of them. After seven days you will get them back.', 'line_3': 'Shock comes and makes you distraught. If shock spurs to action one remains free of misfortune.', 'line_4': 'Shock is mired.', 'line_5': 'Shock goes hither and thither. Danger. However, nothing at all is lost. Yet there are things to be done.', 'line_6': 'Shock brings ruin and terrified gazing around. Furthering him who acts in accordance with the time.'}","Shock, arousing, self-examination",,,Thunder,Aries,Thunder,I am aroused to self-examination and order by shock.
52,Keeping Still (Mountain),100110,Keeping Still. Keeping his back still so that he no longer feels his body. He goes into his courtyard and does not see his people. No blame.,Mountains standing close together: the image of Keeping Still. Thus the superior man does not permit his thoughts to go beyond his situation.,"{'line_1': 'Keeping his toes still. No blame. Continued perseverance furthers.', 'line_2': 'Keeping his calves still. He cannot rescue him whom he follows. His heart is not glad.', 'line_3': 'Keeping his hips still. Making his sacrum stiff. Dangerous. The heart suffocates.', 'line_4': 'Keeping his trunk still. No blame.', 'line_5': 'Keeping his jaws still. The words have order. Remorse disappears.', 'line_6': 'Noblehearted keeping still. Good fortune.'}","Stillness, perseverance, meditation",,,Mountain,Taurus,Mountain,I practice stillness and perseverance.
53,Development (Gradual Progress),100101,Development. The maiden is given in marriage. Good fortune. Perseverance furthers.,"On the mountain, a tree: the image of Development. Thus the superior man abides in dignity and virtue, in order to improve the mores.","{'line_1': 'The wild goose gradually draws near the shore. The young son is in danger. There is talk. No blame.', 'line_2': 'The wild goose gradually draws near the cliff. Eating and drinking in peace and concord. Good fortune.', 'line_3': 'The wild goose gradually draws near the plateau. The man goes forth and does not return. The woman carries a child but does not bring it forth. Misfortune. It furthers one to fight off robbers.', 'line_4': 'The wild goose gradually draws near the tree. Perhaps it will find a flat branch. No blame.', 'line_5': 'The wild goose gradually draws near the summit. For three years the woman has no child. In the end nothing can hinder her. Good fortune.', 'line_6': 'The wild goose gradually draws near the cloud heights. Its feathers can be used for the sacred dance. Good fortune.'}","Development, progress, perseverance",,,Mountain and Wood,Gemini,Progress,I embrace gradual progress and perseverance.
54,The Marrying Maiden,011001,The Marrying Maiden. Undertakings bring misfortune. Nothing that would further.,Thunder over the lake: the image of The Marrying Maiden. Thus the superior man understands the transitory in the light of the eternity of the end.,"{'line_1': 'The marrying maiden as a concubine. A lame man who is able to tread. Undertakings bring good fortune.', 'line_2': 'A one-eyed man who is able to see. The perseverance of a solitary man furthers.', 'line_3': 'The marrying maiden as a slave. She marries as a concubine.', 'line_4': 'The marrying maiden draws out the allotted time. A late marriage comes in due course.', 'line_5': 'The sovereign I gave his daughter in marriage. The embroidered garments of the princess were not as gorgeous as those of the serving maid. The moon that is nearly full brings good fortune.', 'line_6': 'The woman holds the basket, but there are no fruits in it. The man stabs the sheep, but no blood flows. Nothing that acts to further.'}","Marriage, transition, understanding",,,Thunder and Lake,Cancer,Marriage,I understand the transitory nature of life.
55,Abundance (Fullness),101011,Abundance has success. The king attains abundance. Be not sad. Be like the sun at midday.,Both thunder and lightning come: the image of Abundance. Thus the superior man decides lawsuits and carries out punishments.,"{'line_1': 'When a man meets his destined ruler, they can be together ten days, and it is not a mistake. Going meets with recognition.', 'line_2': 'The curtain is of such fullness that the polestars can be seen at midday. Through going one meets with mistrust and hate. If one rouses him through truth, good fortune comes.', 'line_3': 'The underbrush is of such abundance that the small stars can be seen at midday. He breaks his right arm. No blame.', 'line_4': 'The curtain is of such fullness that the polestars can be seen at midday. He meets his ruler, who is of like kind. Good fortune.', 'line_5': 'Lines are coming, blessing and fame draw near. Good fortune.', 'line_6': 'His house is in a state of abundance. He screens off his family. He peers through the gate and no longer perceives anyone. For three years he sees nothing. Misfortune.'}","Abundance, fullness, success",,,Thunder and Lightning,Leo,Fullness,I attain abundance and success.
56,The Wanderer,101100,The Wanderer. Success through smallness. Perseverance brings good fortune to the wanderer.,Fire on the mountain: the image of The Wanderer. Thus the superior man is clear-minded and cautious in imposing penalties and protracting trials.,"{'line_1': 'If the wanderer busies himself with trivial things, he draws down misfortune upon himself.', 'line_2': 'The wanderer comes to an inn. He has his property with him. He wins the steadfastness of a young servant.', 'line_3': ""The wanderer's inn burns down. He loses the steadfastness of his young servant. Danger."", 'line_4': 'The wanderer rests in a shelter. He obtains his property and an axe. My heart is not glad.', 'line_5': 'He shoots a pheasant. It drops with the first arrow. In the end this brings both praise and office.', 'line_6': ""The bird's nest burns up. The wanderer laughs at first, then must needs lament and weep. Through carelessness he loses his cow. Misfortune.""}","Wanderer, success, caution",,,Fire and Mountain,Sagittarius,Wanderer,I navigate life with the caution and clarity of the wanderer.
57,"The Gentle (The Penetrating, Wind)",110110,The Gentle. Success through what is small. It furthers one to have somewhere to go. It furthers one to see the great man.,Winds following one upon the other: the image of The Gentle. Thus the superior man spreads his commands abroad and carries out his undertakings.,"{'line_1': 'In advancing and in retreating, the perseverance of a warrior furthers.', 'line_2': 'Penetration under the bed. Priests and magicians are used in great number. Good fortune. No blame.', 'line_3': 'Repeated penetration. Humiliation.', 'line_4': 'Remorse vanishes. During the hunt three kinds of game are caught.', 'line_5': 'Perseverance brings good fortune. Remorse vanishes. Nothing that does not further. No beginning, but an end. Before the change, three days. After the change, three days. Good fortune.', 'line_6': 'Penetration under the bed. He loses his property and his ax. Perseverance brings misfortune.'}","Gentle, success, penetration",,,Wind,Libra,Wind,I achieve success through gentle penetration and perseverance.
58,The Joyous (Lake),011011,The Joyous. Success. Perseverance is favorable.,Lakes resting on one another: the image of The Joyous. Thus the superior man joins with his friends for discussion and practice.,"{'line_1': 'Contented joyousness. Good fortune.', 'line_2': 'Sincere joyousness. Good fortune. Remorse disappears.', 'line_3': 'Coming joyousness. Misfortune.', 'line_4': 'Joyousness that is weighed is not at peace. After ridding oneself of mistakes one makes a rejoicing.', 'line_5': 'Sincerity towards disintegrating influences is dangerous.', 'line_6': 'Seductive joyousness.'}","Joyous, success, sincerity",,,Lake,Gemini,Joy,I embrace joyousness with sincerity and perseverance.
59,Dispersion (Dissolution),101110,Dispersion. Success. The king approaches his temple. It furthers one to cross the great water. Perseverance furthers.,The wind drives over the water: the image of Dispersion. Thus the kings of old sacrificed to the Lord and built temples.,"{'line_1': 'He brings help with the strength of a horse. Good fortune.', 'line_2': 'At the dissolution he hurries to that which supports him. Remorse disappears.', 'line_3': 'He dissolves his self. No remorse.', 'line_4': 'He dissolves his bond with his group. Supreme good fortune. Dispersion leads in turn to accumulation. This is something that ordinary men do not think of.', 'line_5': 'His loud cries are as dissolving as sweat. Dissolution. A king abides without blame.', 'line_6': 'He dissolves his blood. Departing, keeping at a distance, going out, is without blame.'}","Dispersion, success, perseverance",,,Wind and Water,Aquarius,Dissolution,I embrace dispersion with perseverance and success.
60,Limitation,010101,Limitation. Success. Galling limitation must not be persevered in.,"Water over lake: the image of Limitation. Thus the superior man creates number and measure, and examines the nature of virtue and correct conduct.","{'line_1': 'Not going out of the door and the courtyard is without blame.', 'line_2': 'Not going out of the gate and the courtyard brings misfortune.', 'line_3': 'He who knows no limitation will have cause to lament. No blame.', 'line_4': 'Contented limitation. Success.', 'line_5': 'Sweet limitation brings good fortune. Going brings esteem.', 'line_6': 'Galling limitation. Perseverance brings misfortune. Remorse disappears.'}","Limitation, success, measure",,,Water and Lake,Cancer,Measure,I understand limitation with measure and success.
61,Inner Truth,110110,Inner Truth. Pigs and fishes. Good fortune. It furthers one to cross the great water. Perseverance furthers.,Wind over lake: the image of Inner Truth. Thus the superior man discusses criminal cases in order to delay executions.,"{'line_1': 'Being prepared brings good fortune. If there are secret designs, it is disquieting.', 'line_2': 'A crane calling in the shade. Its young answers it. I have a good goblet. I will share it with you.', 'line_3': 'He finds a comrade. Now he beats the drum, now he stops. Now he sobs, now he sings.', 'line_4': 'The moon nearly at the full. The team horse goes astray. No blame.', 'line_5': 'He possesses truth, which links together. No blame.', 'line_6': 'Cockcrow penetrating to heaven. Perseverance brings misfortune.'}","Inner Truth, perseverance, harmony",,,Wind and Lake,Libra,Truth,I seek inner truth with perseverance and harmony.
62,Preponderance of the Small,110101,"Preponderance of the Small. Success. Perseverance furthers. Small things may be done; great things should not be done. The flying bird brings the message: It is not well to strive upward, it is well to remain below. Great good fortune.",Thunder on the mountain: the image of Preponderance of the Small. Thus in his conduct the superior man gives preponderance to reverence. In bereavement he gives preponderance to grief. In his expenditures he gives preponderance to thrift.,"{'line_1': 'The bird meets with misfortune through flying.', 'line_2': 'She passes by her ancestor and meets her ancestress. He does not reach his prince and meets the official. No blame.', 'line_3': 'If one is not extremely careful, somebody may come up from behind and strike him. Misfortune.', 'line_4': 'No blame. He meets him without passing by. Going brings danger. One must be on guard. Do not act. Be constantly persevering.', 'line_5': 'Dense clouds, no rain from our western territory. The prince shoots and hits him who is in the cave.', 'line_6': 'He passes him by, not meeting him. The flying bird leaves him. Misfortune. This means bad luck and injury.'}","Small things, perseverance, caution",,,Thunder and Mountain,Virgo,Small Matters,I find success in small things with perseverance and caution.
63,After Completion,101010,After Completion. Success in small matters. Perseverance furthers. At the beginning good fortune. At the end disorder.,Water over fire: the image of the condition in After Completion. Thus the superior man takes thought of misfortune and arms himself against it in advance.,"{'line_1': 'He breaks his wheels. He gets his tail in the water. No blame.', 'line_2': 'The woman loses the curtain of her carriage. Do not run after it; on the seventh day you will get it.', 'line_3': ""The Illustrious Ancestor disciplines the Devil's Country. After three years he conquers it. Inferior people must not be employed."", 'line_4': 'The finest clothes turn to rags. Be careful all day long.', 'line_5': 'The neighbor in the east who slaughters an ox does not attain as much real happiness as the neighbor in the west with his small offering.', 'line_6': 'He gets his head in the water. Danger.'}","Completion, success, foresight",,,Water and Fire,Pisces,Completion,I achieve success with foresight and completion.
64,Before Completion,010101,"Before Completion. Success. But if the little fox, after nearly completing the crossing, gets his tail in the water, there is nothing that would further.","Fire over water: the image of the condition before transition. Thus the superior man is careful in the differentiation of things, so that each finds its place.","{'line_1': 'He gets his tail in the water. Humiliating.', 'line_2': 'He brakes his wheels. Perseverance brings good fortune.', 'line_3': 'Before completion, attack brings misfortune. It furthers one to cross the great water.', 'line_4': ""Perseverance brings good fortune. Remorse disappears. Shock, thus to discipline the Devil's Country. For three years, great realms are awarded."", 'line_5': 'Perseverance brings good fortune. No remorse. The light of the superior man is true. Good fortune.', 'line_6': 'There is drinking of wine in genuine confidence. No blame. But if one wets his head, it is truly a mistake.'}","Transition, caution, success",,,Fire and Water,Aquarius,Transition,I achieve success through careful transition and foresight.
6,Conflict,010110,Conflict. You are sincere and are being obstructed. A cautious halt halfway brings good fortune. Going through to the end brings misfortune.,Heaven and water go their opposite ways: the image of Conflict. Thus in all his transactions the superior man carefully considers the beginning.,"{'line_1': 'If one does not perpetuate the affair, there is a little gossip. In the end, good fortune comes.', 'line_2': 'One cannot engage in conflict; one returns home, gives way. The people of his town, three hundred households, remain free of guilt.', 'line_3': 'To nourish oneself on ancient virtue induces perseverance. Danger. In the end, good fortune comes. If by chance you are in the service of a king, seek not works.', 'line_4': 'One cannot engage in conflict. One turns back and submits to fate, changes one’s attitude, and finds peace in perseverance. Good fortune.', 'line_5': 'To contend before him brings supreme good fortune.', 'line_6': 'Even if by chance a leather belt is bestowed on one, by the end of a morning it will have been snatched away three times.'}","Conflict, caution, perseverance",,,Heaven,Libra,Water,I navigate conflict with caution and perseverance.
7,The Army,000010,The Army. The army needs perseverance and a strong man. Good fortune without blame.,In the middle of the earth is water: the image of The Army. Thus the superior man increases his masses by generosity toward the people.,"{'line_1': 'An army must set forth in proper order. If the order is not good, misfortune threatens.', 'line_2': 'In the midst of the army. Good fortune. No blame. The king bestows a triple decoration.', 'line_3': 'Perchance the army carries corpses in the wagon. Misfortune.', 'line_4': 'The army retreats. No blame.', 'line_5': 'There is game in the field. It furthers one to catch it. Without blame. Let the eldest lead the army. The younger transports corpses; then perseverance brings misfortune.', 'line_6': 'The great prince issues commands, founds states, vests families with fiefs. Inferior people should not be employed.'}","Perseverance, leadership, organization",,,Earth,Scorpio,Water,I lead with perseverance and organization.
8,Holding Together,010010,"Holding Together brings good fortune. Inquire of the oracle once again whether you possess sublimity, constancy, and perseverance; then there is no blame. Those who are uncertain gradually join. Whoever comes too late meets with misfortune.",On the earth is water: the image of Holding Together. Thus the kings of antiquity bestowing rich fiefs on large numbers of vassals collected their followers around them.,"{'line_1': 'Hold to him in truth and loyalty; this is without blame. Truth, like a full earthen bowl: thus in the end good fortune comes from without.', 'line_2': 'Hold to him inwardly. Perseverance brings good fortune.', 'line_3': 'You hold together with the wrong people.', 'line_4': 'Hold to him outwardly also. Perseverance brings good fortune.', 'line_5': 'Manifestation of holding together. In the hunt the king uses beaters on three sides only and foregoes game that runs off in front. The citizens need no warning. Good fortune.', 'line_6': 'He finds no head for holding together. Misfortune.'}","Unity, loyalty, perseverance",,,Earth,Sagittarius,Water,I foster unity and loyalty.
9,The Taming Power of the Small,111010,"The Taming Power of the Small has success. Dense clouds, no rain from our western region.",The wind drives across heaven: the image of The Taming Power of the Small. Thus the superior man refines the outward aspect of his nature.,"{'line_1': 'Return to the way. How could there be blame in this? Good fortune.', 'line_2': 'He allows himself to be drawn into returning. Good fortune.', 'line_3': 'The spokes burst out of the wagon wheels. Man and wife roll their eyes.', 'line_4': 'If you are sincere, blood vanishes and fear gives way. No blame.', 'line_5': 'If you are sincere and loyally attached, you are rich in your neighbor.', 'line_6': 'The rain comes, there is rest. This is due to the lasting effect of character. Perseverance brings the woman into danger. The moon is nearly full. If the superior man persists, misfortune comes.'}","Restraint, perseverance, subtlety",,,Wind,Capricorn,Heaven,I embrace subtlety and perseverance.
10,Treading,010111,Treading. Treading upon the tail of the tiger. It does not bite the man. Success.,"Heaven above, the lake below: the image of Treading. Thus the superior man discriminates between high and low, and thereby fortifies the thinking of the people.","{'line_1': 'Simple conduct. Progress without blame.', 'line_2': 'Treading a smooth, level course. The perseverance of a dark man brings good fortune.', 'line_3': 'A one-eyed man is able to see, a lame man is able to tread. He treads on the tail of the tiger. The tiger bites the man. Misfortune. Thus a warrior acts on behalf of his great prince.', 'line_4': 'He treads on the tail of the tiger. Caution and circumspection lead ultimately to good fortune.', 'line_5': 'Resolute conduct. Perseverance with awareness of danger.', 'line_6': 'Look to your conduct and weigh the favorable signs. When everything is fulfilled, supreme good fortune comes.'}","Caution, awareness, progress",,,Heaven,Aquarius,Tiger,I progress with caution and awareness.
11,Peace,111000,"Peace. The small departs, the great approaches. Good fortune. Success.","Heaven and earth unite: the image of Peace. Thus the ruler divides and completes the course of heaven and earth, and so aids the people.","{'line_1': 'When ribbon grass is pulled up, the sod comes with it. Each according to his kind. Undertakings bring good fortune.', 'line_2': ""Bearing with the uncultured in gentleness, crossing the river with resolution, not neglecting what is distant, not regarding one's companions: thus one may manage to walk in the middle."", 'line_3': 'No plain not followed by a slope. No going not followed by a return. He who remains persevering in danger is without blame. Do not complain about this truth; enjoy the good fortune you still possess.', 'line_4': 'He flutters down, not boasting of his wealth, together with his neighbor, guileless and sincere.', 'line_5': 'The sovereign I gives his daughter in marriage. This brings blessing and supreme good fortune.', 'line_6': 'The wall falls back into the moat. Use no army now. Make your commands known within your own town. Perseverance brings humiliation.'}","Peace, harmony, unity",,,Heaven and Earth,Pisces,Harmony,I foster peace and unity.
12,Standstill,000111,Standstill. Evil people do not further the perseverance of the superior man. The great departs; the small approaches.,Heaven and earth do not unite: the image of Standstill. Thus the superior man falls back upon his inner worth in order to escape the difficulties. He does not permit himself to be honored with revenue.,"{'line_1': 'When ribbon grass is pulled up, the sod comes with it. Each according to his kind. Perseverance brings good fortune and success.', 'line_2': 'They bear and endure; this means good fortune for inferior people. The standstill serves to create success for the great man.', 'line_3': 'They bear shame.', 'line_4': 'He who acts at the command of the highest remains without blame. Those of like mind partake of the blessing.', 'line_5': ""Standstill is giving way. Good fortune for the great man. 'What if it should fail, what if it should fail?' In this way he ties it to a cluster of mulberry shoots."", 'line_6': 'The standstill comes to an end. First standstill, then good fortune.'}","Standstill, perseverance, inner worth",,,Heaven and Earth,Virgo,Obstacle,I persevere through standstill.
13,Fellowship with Men,111010,Fellowship with Men in the open. Success. It furthers one to cross the great water. The perseverance of the superior man furthers.,Heaven together with fire: the image of Fellowship with Men. Thus the superior man organizes the clans and makes distinctions between things.,"{'line_1': 'Fellowship with men at the gate. No blame.', 'line_2': 'Fellowship with men in the clan. Humiliation.', 'line_3': 'He hides weapons in the thicket; he climbs the high hill in front of it. For three years he does not rise up.', 'line_4': 'He climbs up on his wall; he cannot attack. Good fortune.', 'line_5': 'Men bound in fellowship first weep and lament, but afterward they laugh. After great struggles they succeed in meeting.', 'line_6': 'Fellowship with men in the meadow. No remorse.'}","Fellowship, success, organization",,,Heaven and Fire,Leo,Unity,I build fellowship and success.
14,Possession in Great Measure,111101,Possession in Great Measure. Supreme success.,"Fire in heaven above: the image of Possession in Great Measure. Thus the superior man curbs evil and furthers good, and thereby obeys the benevolent will of heaven.","{'line_1': 'No relationship with what is harmful; there is no blame in this. If one remains conscious of difficulty, one remains without blame.', 'line_2': 'A big wagon for loading. One may undertake something. No blame.', 'line_3': 'A prince offers it to the Son of Heaven. A small man cannot do this.', 'line_4': 'He makes a difference between himself and his neighbor. No blame.', 'line_5': 'He whose truth is accessible, yet dignified, has good fortune.', 'line_6': 'He is blessed by heaven. Good fortune. Nothing that does not further.'}","Possession, success, benevolence",,,Heaven and Fire,Aries,Wealth,I possess great measure and success.
15,Modesty,000100,Modesty creates success. The superior man carries things through.,"Within the earth, a mountain: the image of Modesty. Thus the superior man reduces that which is too much, and augments that which is too little. He weighs things and makes them equal.","{'line_1': 'Modesty that comes to expression. Perseverance brings good fortune.', 'line_2': 'Modesty that comes to expression. Perseverance brings good fortune.', 'line_3': 'A superior man of modesty and merit carries things through.', 'line_4': 'Nothing that would not further modesty in movement.', 'line_5': ""No boasting of wealth before one's neighbor. It is favorable to attack with force. Nothing that would not further."", 'line_6': ""Modesty that comes to expression. It is favorable to set armies marching to chastise one's own city and one's country.""}","Modesty, success, perseverance",,,Earth,Taurus,Humility,I embody modesty and success.
16,Enthusiasm,100011,Enthusiasm. It furthers one to install helpers and to set armies marching.,"Thunder comes resounding out of the earth: the image of Enthusiasm. Thus the ancient kings made music in order to honor merit, and offered it with splendor to the Supreme Deity, inviting their ancestors to be present.","{'line_1': 'Enthusiasm that expresses itself brings misfortune.', 'line_2': 'Firm as a rock. Not a whole day. Perseverance brings good fortune.', 'line_3': 'Enthusiasm that looks upward creates remorse. Hesitation brings remorse.', 'line_4': 'The source of enthusiasm. He achieves great things. Doubt not. You gather friends around you as a hair clasp gathers the hair.', 'line_5': 'Persistently ill, and still does not die.', 'line_6': 'Deluded enthusiasm. But if after completion one changes, there is no blame.'}","Enthusiasm, energy, initiative",,,Thunder,Aries,Energy,I embody enthusiasm and initiative.
17,Following,011100,Following has supreme success. Perseverance furthers. No blame.,Thunder in the middle of the lake: the image of Following. Thus the superior man at nightfall goes indoors for rest and recuperation.,"{'line_1': 'The standard is changing. Perseverance brings good fortune. To go out of the door in company produces deeds.', 'line_2': 'If one clings to the little boy, one loses the strong man.', 'line_3': 'If one clings to the strong man, one loses the little boy. Through following one finds what one seeks. It furthers one to remain persevering.', 'line_4': ""Following creates success. Perseverance brings misfortune. To go one's way with sincerity brings clarity. How could there be blame in this?"", 'line_5': 'Sincere in the good. Good fortune.', 'line_6': 'He meets with firm allegiance and is still further bound. The king introduces him to the Western Mountain.'}","Following, perseverance, adaptability",,,Lake and Thunder,Gemini,Adaptability,I follow with perseverance and adaptability.
18,Work on What Has Been Spoiled,010111,"Work on What Has Been Spoiled has supreme success. It furthers one to cross the great water. Before the starting point, three days. After the starting point, three days.",The wind blows low on the mountain: the image of Decay. Thus the superior man stirs up the people and strengthens their spirit.,"{'line_1': 'Setting right what has been spoiled by the father. If there is a son, no blame rests upon the departed father. Danger. In the end, good fortune.', 'line_2': 'Setting right what has been spoiled by the mother. One must not be too persevering.', 'line_3': 'Setting right what has been spoiled by the father. There will be little remorse. No great blame.', 'line_4': 'Tolerating what has been spoiled by the father. In continuing one sees humiliation.', 'line_5': 'Setting right what has been spoiled by the father. One meets with praise.', 'line_6': 'He does not serve kings and princes, sets himself higher goals.'}","Restoration, perseverance, initiative",,,Wind,Scorpio,Renewal,I restore and renew with perseverance.
19,Approach,011001,"Approach has supreme success. Perseverance furthers. When the eighth month comes, there will be misfortune.","The earth above the lake: the image of Approach. Thus the superior man is inexhaustible in his will to teach, and without limits in his tolerance and protection of the people.","{'line_1': 'Joint approach. Perseverance brings good fortune.', 'line_2': 'Joint approach. Good fortune. Everything furthers.', 'line_3': 'Comfortable approach. Nothing that would further. If one is induced to grieve over it, one becomes free of blame.', 'line_4': 'Complete approach. No blame.', 'line_5': 'Wise approach. This is right for a great prince. Good fortune.', 'line_6': 'Approach with good intentions. Supreme good fortune. No blame.'}","Approach, success, perseverance",,,Earth and Lake,Libra,Approach,I approach with success and perseverance.
20,Contemplation,001110,"Contemplation. The ablution has been made, but not yet the offering. Full of trust they look up to him.","The wind blows over the earth: the image of Contemplation. Thus the kings of old visited the regions of the world, contemplated the people, and gave them instruction.","{'line_1': 'Boylike contemplation. For an inferior man, no blame. For a superior man, humiliation.', 'line_2': 'Contemplation through the crack of the door. Furthering for the perseverance of a woman.', 'line_3': 'Contemplation of my life decides the choice between advance and retreat.', 'line_4': 'Contemplation of the light of the kingdom. It furthers one to exert influence as the guest of a king.', 'line_5': 'Contemplation of my life. The superior man is without blame.', 'line_6': 'Contemplation of his life. The superior man is without blame.'}","Contemplation, reflection, insight",,,Wind,Virgo,Vision,I contemplate with reflection and insight.
21,Biting Through,100101,Biting Through has success. It is favorable to let justice be administered.,Thunder and lightning: the image of Biting Through. Thus the kings of former times made firm the laws through clearly defined penalties.,"{'line_1': 'His feet are fastened in the stocks, so that his toes disappear. No blame.', 'line_2': 'Bites through tender meat, so that his nose disappears. No blame.', 'line_3': 'Bites on old dried meat and strikes on something poisonous. Slight humiliation. No blame.', 'line_4': 'Bites on dried gristly meat. Receives metal arrows. It furthers one to be mindful of difficulties and to be persevering. Good fortune.', 'line_5': 'Bites on dried lean meat. Receives yellow gold. Perseveringly aware of danger. No blame.', 'line_6': 'His neck is fastened in the wooden cangue, so that his ears disappear. Misfortune.'}","Justice, firmness, perseverance",,,Thunder and Lightning,Sagittarius,Justice,I administer justice with firmness and perseverance.
22,Grace,101011,"Grace has success. In small matters, it is favorable to undertake something.",Fire at the foot of the mountain: the image of Grace. Thus does the superior man proceed when clearing up current affairs. But he dare not decide controversial issues in this way.,"{'line_1': 'He lends grace to his toes, leaves the carriage, and walks.', 'line_2': 'Lends grace to the beard on his chin.', 'line_3': 'Graceful and moist. Constant perseverance brings good fortune.', 'line_4': 'Grace or simplicity? A white horse comes as if on wings. He is not a robber; he will woo at the right time.', 'line_5': 'Grace in the hills and gardens. The roll of silk is meager and small. Humiliation, but in the end, good fortune.', 'line_6': 'Simple grace. No blame.'}","Grace, beauty, simplicity",,,Fire and Mountain,Libra,Beauty,I embrace grace and simplicity.
23,Splitting Apart,000100,Splitting Apart. It does not further one to go anywhere.,The mountain rests on the earth: the image of Splitting Apart. Thus those above can ensure their position only by giving generously to those below.,"{'line_1': 'The leg of the bed is split. Those who persevere are destroyed. Misfortune.', 'line_2': 'The bed is split at the edge. Those who persevere are destroyed. Misfortune.', 'line_3': 'He splits with them. No blame.', 'line_4': 'The bed is split up to the skin. Misfortune.', 'line_5': 'A shoal of fishes. Favor comes through the court ladies. Everything acts to further.', 'line_6': 'There is a large fruit still uneaten. The superior man receives a carriage. The house of the inferior man is split apart.'}","Destruction, separation, generosity",,,Mountain and Earth,Capricorn,Destruction,I understand the importance of separation and generosity.
24,Return,111000,Return. Success. Going out and coming in without error. Friends come without blame. To and fro goes the way. On the seventh day comes return. It furthers one to have somewhere to go.,"Thunder within the earth: the image of Return. Thus the kings of antiquity closed the passes at the time of the solstice. Merchants and strangers did not go about, and the ruler did not travel through the provinces.","{'line_1': 'Return from a short distance. No need for remorse. Great good fortune.', 'line_2': 'Quiet return. Good fortune.', 'line_3': 'Repeated return. Danger. No blame.', 'line_4': 'Walking in the midst of others, one returns alone.', 'line_5': 'Noblehearted return. No remorse.', 'line_6': 'Missing the return. Misfortune. Misfortune from within and without. If armies are set marching in this way, one will suffer a great defeat, thereby the ruler’s country will suffer loss. For ten years it will not be possible to attack again.'}","Return, renewal, success",,,Thunder and Earth,Aquarius,Renewal,I embrace renewal and success.
25,Innocence,111001,"Innocence. Supreme success. Perseverance furthers. If someone is not as he should be, he has misfortune, and it does not further him to undertake anything.","Under heaven thunder rolls: all things attain the natural state of innocence. Thus the kings of old, rich in virtue, and in harmony with the time, fostered and nourished all beings.","{'line_1': 'Innocent behavior brings good fortune.', 'line_2': 'If one does not count on the harvest while plowing, nor on the use of the ground while clearing it, it furthers one to undertake something.', 'line_3': 'Undeserved misfortune. The cow that was tethered by someone is the wanderer’s gain, the citizen’s loss.', 'line_4': 'He who can be persevering remains without blame.', 'line_5': 'Use no medicine in an illness incurred through no fault of your own. It will pass of itself.', 'line_6': 'Innocent action brings misfortune. Nothing furthers.'}","Innocence, virtue, perseverance",,,Thunder and Heaven,Pisces,Innocence,I embody innocence and virtue.
26,The Taming Power of the Great,100111,The Taming Power of the Great. Perseverance furthers. Not eating at home brings good fortune. It furthers one to cross the great water.,"Heaven within the mountain: the image of The Taming Power of the Great. Thus the superior man acquaints himself with many sayings of antiquity and many deeds of the past, in order to strengthen his character thereby.","{'line_1': 'Danger is at hand. It furthers one to desist.', 'line_2': 'The axletrees are taken from the wagon.', 'line_3': 'A good horse that follows others. Awareness of danger, with perseverance, brings good fortune.', 'line_4': 'The headboard of a young bull. Great good fortune.', 'line_5': 'The tusk of a gelded boar. Good fortune.', 'line_6': 'One attains the way of heaven. Success.'}","Perseverance, strength, preparation",,,Heaven and Mountain,Aries,Strength,I embody strength and perseverance.
27,The Corners of the Mouth,100001,The Corners of the Mouth. Perseverance brings good fortune. Pay heed to the providing of nourishment and to what a man seeks to fill his own mouth with.,"At the foot of the mountain, thunder: the image of The Corners of the Mouth. Thus the superior man is careful of his words and temperate in eating and drinking.","{'line_1': 'You let your magic tortoise go, and look at me with the corners of your mouth drooping. Misfortune.', 'line_2': 'Turning to the summit for nourishment, devoting oneself to the spirits of the ancestors, one is blessed with good fortune. Be devoted, so there will be no mistake.', 'line_3': 'Turning away from nourishment. Perseverance brings misfortune. Do not act thus for ten years. Nothing serves to further.', 'line_4': 'Turning to the summit for provision of nourishment brings good fortune. Spying about with sharp eyes like a tiger with insatiable craving. No blame.', 'line_5': 'Turning away from the path. To remain persevering brings good fortune. One should not cross the great water.', 'line_6': 'The source of nourishment. Awareness of danger brings good fortune. It furthers one to cross the great water.'}","Nourishment, care, moderation",,,Mountain and Thunder,Taurus,Nourishment,I nourish myself with care and moderation.
28,Preponderance of the Great,111100,Preponderance of the Great. The ridgepole sags to the breaking point. It furthers one to have somewhere to go. Success.,"The lake rises above the trees: the image of Preponderance of the Great. Thus the superior man, when he stands alone, is unconcerned, and if he has to renounce the world, he is undaunted.","{'line_1': 'To spread white rushes underneath. No blame.', 'line_2': 'A dry poplar sprouts at the root. An older man takes a young wife. Everything furthers.', 'line_3': 'The ridgepole sags to the breaking point. Misfortune.', 'line_4': 'The ridgepole is braced. Good fortune. If there are ulterior motives, it is humiliating.', 'line_5': 'A withered poplar puts forth flowers. An older woman takes a husband. No blame. No praise.', 'line_6': 'One must go through the water. It goes over one’s head. Misfortune. No blame.'}","Greatness, perseverance, balance",,,Lake and Wood,Gemini,Greatness,I achieve greatness with perseverance and balance.
29,The Abysmal,010010,"The Abysmal repeated. If you are sincere, you have success in your heart, and whatever you do succeeds.",Water flows on uninterruptedly and reaches its goal: the image of The Abysmal repeated. Thus the superior man walks in lasting virtue and carries on the business of teaching.,"{'line_1': 'Repetition of the Abysmal. In the abyss one falls into a pit. Misfortune.', 'line_2': 'The abyss is dangerous. One should strive to attain small things only.', 'line_3': 'Forward and backward, abyss on abyss. In danger like this, pause at first and wait, Otherwise you will fall into a pit in the abyss. Do not act in this way.', 'line_4': 'A jug of wine, a bowl of rice with it; earthen vessels simply handed in through the window. There is certainly no blame in this.', 'line_5': 'The abyss is not filled to overflowing, It is filled only to the rim. No blame.', 'line_6': 'Bound with cords and ropes, shut in between thorn-hedged prison walls: for three years one does not find the way. Misfortune.'}","Danger, perseverance, wisdom",,,Water,Cancer,Danger,I navigate danger with perseverance and wisdom.
30,"The Clinging, Fire",101110,The Clinging. Perseverance furthers. It brings success. Care of the cow brings good fortune.,"That which is bright rises twice: the image of Fire. Thus the great man, by perpetuating this brightness, illumines the four quarters of the world.","{'line_1': 'The footprints run crisscross. If one is seriously intent, no blame.', 'line_2': 'Yellow light. Supreme good fortune.', 'line_3': 'In the light of the setting sun, men either beat the pot and sing or loudly bewail the approach of old age. Misfortune.', 'line_4': 'Its coming is sudden; it flames up, dies down, is thrown away.', 'line_5': 'Tears in floods, sighing and lamenting. Good fortune.', 'line_6': 'The king uses him to march forth and chastise. Then it is best to kill the leaders and take captive the followers. No blame.'}","Clinging, perseverance, brightness",,,Fire,Leo,Fire,I persevere with brightness and clarity.
31,Influence,011011,Influence. Success. Perseverance furthers. To take a maiden to wife brings good fortune.,A lake on the mountain: the image of Influence. Thus the superior man encourages people to approach him by his readiness to receive them.,"{'line_1': 'The influence shows itself in the big toe.', 'line_2': 'The influence shows itself in the calves of the legs. Misfortune. Tarrying brings good fortune.', 'line_3': 'The influence shows itself in the thighs. Holds to that which follows it. To continue is humiliating.', 'line_4': 'Perseverance brings good fortune. Remorse disappears. If a man is agitated in mind, and his thoughts go hither and thither, only those friends on whom he fixes his conscious thoughts will follow.', 'line_5': 'The influence shows itself in the back of the neck. No remorse.', 'line_6': 'The influence shows itself in the jaws, cheeks, and tongue.'}","Influence, success, perseverance",,,Lake and Mountain,Libra,Influence,I influence with success and perseverance.
32,Duration,111001,Duration. Success. No blame. Perseverance furthers. It furthers one to have somewhere to go.,Thunder and wind: the image of Duration. Thus the superior man stands firm and does not change his direction.,"{'line_1': 'Seeking duration too hastily brings misfortune persistently. No blame.', 'line_2': 'Remorse disappears.', 'line_3': 'He who does not give duration to his character meets with disgrace. Persistent humiliation.', 'line_4': 'No game in the field.', 'line_5': ""Giving duration to one's character through perseverance. This is good fortune for a woman, misfortune for a man."", 'line_6': 'Restlessness as an enduring condition brings misfortune.'}","Duration, perseverance, stability",,,Thunder and Wind,Taurus,Stability,I achieve duration with perseverance and stability.
33,Retreat,111010,"Retreat. Success. In what is small, perseverance furthers.","Mountain under heaven: the image of Retreat. Thus the superior man keeps the inferior man at a distance, not angrily but with reserve.","{'line_1': 'At the tail in retreat. This is dangerous. One must not wish to undertake anything.', 'line_2': 'He holds him fast with yellow oxhide. No one can tear him loose.', 'line_3': 'A halted retreat is both good fortune and good misfortune.', 'line_4': 'Voluntary retreat brings good fortune to the superior man and downfall to the inferior man.', 'line_5': 'Friendly retreat. Perseverance brings good fortune.', 'line_6': 'Cheerful retreat. Everything serves to further.'}","Retreat, success, perseverance",,,Mountain and Heaven,Capricorn,Retreat,I retreat with success and perseverance.
34,The Power of the Great,111100,The Power of the Great. Perseverance furthers.,Thunder in heaven above: the image of The Power of the Great. Thus the superior man does not tread upon paths that do not accord with established order.,"{'line_1': 'Power in the toes. Continuing brings misfortune. This is certainly true.', 'line_2': 'Perseverance brings good fortune.', 'line_3': 'The inferior man works through power. The superior man does not act thus. To continue is dangerous. A goat butts against a hedge and gets its horns entangled.', 'line_4': 'Perseverance brings good fortune. Remorse disappears. The hedge opens; there is no entanglement. Power depends upon the axle of a big cart.', 'line_5': 'Loses the goat with ease. No remorse.', 'line_6': 'A goat butts against a hedge. It cannot go backward, it cannot go forward. Nothing serves to further. If one notes the difficulty, this brings good fortune.'}","Power, perseverance, order",,,Thunder and Heaven,Aries,Power,I embody the power of perseverance and order.
35,Progress,101011,Progress. The powerful prince is honored with horses in large numbers. In a single day he is granted audience three times.,The sun rises over the earth: the image of Progress. Thus the superior man himself brightens his bright virtue.,"{'line_1': 'Progressing, but turned back. Perseverance brings good fortune. If one meets with no confidence, one should remain calm. No mistake.', 'line_2': ""Progressing, but in sorrow. Perseverance brings good fortune. Then one obtains great happiness from one's ancestress."", 'line_3': 'All are in accord. Remorse disappears.', 'line_4': 'Progress like a hamster. Perseverance brings danger.', 'line_5': 'Remorse disappears. Take not gain and loss to heart. Undertakings bring good fortune. Everything serves to further.', 'line_6': ""Making progress with the horns is permissible only for the purpose of punishing one's own city. To be conscious of danger brings good fortune. No blame. Perseverance brings humiliation.""}","Progress, success, perseverance",,,Sun and Earth,Leo,Progress,I progress with success and perseverance.
36,Darkening of the Light,011101,Darkening of the Light. In adversity it furthers one to be persevering.,"The light has sunk into the earth: the image of Darkening of the Light. Thus does the superior man live with the great mass: He veils his light, yet still shines.","{'line_1': 'Darkening of the light during flight. He lowers his wings. The superior man does not eat for three days on his wanderings. But he has somewhere to go. The host has occasion to gossip about him.', 'line_2': 'Darkening of the light injures him in the left thigh. He gives aid with the strength of a horse. Good fortune.', 'line_3': 'Darkening of the light during the hunt in the south. Their great leader is captured. One must not expect perseverance too soon.', 'line_4': 'He penetrates the left side of the belly. One gets at the very heart of the darkening of the light and leaves the gate and courtyard.', 'line_5': 'Darkening of the light as with Prince Chi. Perseverance furthers.', 'line_6': 'Not light but darkness. First he climbs up to heaven, then he plunges into the depths of the earth.'}","Adversity, perseverance, concealment",,,Earth,Scorpio,Darkness,I persevere through adversity and concealment.
37,The Family,110101,The Family. The perseverance of the woman furthers.,Wind comes forth from fire: the image of The Family. Thus the superior man has substance in his words and duration in his way of life.,"{'line_1': 'Firm seclusion within the family. Remorse disappears.', 'line_2': 'She should not follow her whims. She must attend within to the food. Perseverance brings good fortune.', 'line_3': 'When tempers flare up in the family, too great severity brings remorse. Good fortune nonetheless. When woman and child dally and laugh, it leads in the end to humiliation.', 'line_4': 'She is the treasure of the house. Great good fortune.', 'line_5': 'As a king he approaches his family. Fear not. Good fortune.', 'line_6': 'His work commands respect. In the end good fortune comes.'}","Family, order, harmony",,,Wind and Fire,Cancer,Family,I bring order and harmony to my family.
38,Opposition,101101,"Opposition. In small matters, good fortune.","Above, fire; below, the lake: the image of Opposition. Thus amid all fellowship the superior man retains his individuality.","{'line_1': 'Remorse disappears. If you lose your horse, do not run after it; it will return of its own accord. When you see evil people, guard yourself against mistakes.', 'line_2': 'One meets his lord in a narrow street. No blame.', 'line_3': ""One sees the wagon dragged back, the oxen halted, a man's hair and nose cut off. Not a good beginning, but a good end."", 'line_4': 'Isolated through opposition, one meets a like-minded man with whom one can associate in good faith. Despite the danger, no blame.', 'line_5': 'Remorse disappears. The companion bites his way through the wrappings. If one goes to him, how could it be a mistake?', 'line_6': 'Isolated through opposition, one sees his companion as a pig covered with dirt, as a wagon full of devils. First one draws a bow against him, then one lays the bow aside. He is not a robber; he will woo at the right time. As one goes, rain falls; then good fortune comes.'}","Opposition, individuality, small matters",,,Fire and Lake,Aquarius,Opposition,I retain my individuality amid opposition.
39,Obstruction,100011,Obstruction. The southwest furthers. The northeast does not further. It furthers one to see the great man. Perseverance brings good fortune.,Water on the mountain: the image of Obstruction. Thus the superior man turns his attention to himself and molds his character.,"{'line_1': 'Going leads to obstructions, Coming leads to great good fortune.', 'line_2': ""The king's servant is beset by obstructions upon obstructions, But it is not his own fault."", 'line_3': 'Going leads to obstructions; hence he comes back.', 'line_4': 'Going leads to obstructions, Coming leads to union.', 'line_5': 'In the midst of the greatest obstructions, Friends come.', 'line_6': 'Going leads to obstructions, Coming leads to great good fortune. It furthers one to see the great man.'}","Obstruction, perseverance, character",,,Water and Mountain,Pisces,Obstruction,I persevere through obstructions and mold my character.
40,Deliverance,011100,"Deliverance. The southwest furthers. If there is no longer anything where one has to go, return brings good fortune. If there is still something where one has to go, hastening brings good fortune.",Thunder and rain set in: the image of Deliverance. Thus the superior man pardons mistakes and forgives misdeeds.,"{'line_1': 'Without blame.', 'line_2': 'One kills three foxes in the field and receives a yellow arrow. Perseverance brings good fortune.', 'line_3': 'If a man carries a burden on his back and nonetheless rides in a carriage, he thereby encourages robbers to draw near. Perseverance leads to humiliation.', 'line_4': 'Deliver yourself from your great toe. Then the companion comes, and him you can trust.', 'line_5': 'If only the superior man can deliver himself, it brings good fortune. Thus he proves to the inferior man that he is in earnest.', 'line_6': 'The prince shoots at a hawk on a high wall. He kills it. Everything serves to further.'}","Deliverance, forgiveness, perseverance",,,Thunder and Rain,Sagittarius,Deliverance,I deliver myself with forgiveness and perseverance.
41,Decrease,100001,Decrease combined with sincerity brings about supreme good fortune without blame. One may be persevering in this. It furthers one to undertake something. How is this to be carried out? One may use two small bowls for the sacrifice.,"At the foot of the mountain, the lake: the image of Decrease. Thus the superior man controls his anger and restrains his instincts.","{'line_1': ""Going quickly when one's tasks are finished is without blame. But one must reflect on how much one may decrease others."", 'line_2': 'Perseverance furthers. To undertake something brings misfortune. Without decreasing oneself, one is able to bring increase to others.', 'line_3': 'When three people journey together, their number decreases by one. When one man journeys alone, he finds a companion.', 'line_4': 'If a man decreases his faults, it makes the other hasten to come and rejoice. No blame.', 'line_5': 'Someone does indeed increase him. Ten pairs of tortoises cannot oppose it. Supreme good fortune.', 'line_6': 'If one is increased without depriving others, there is no blame. Perseverance brings good fortune. It furthers one to undertake something. One obtains servants but no longer has a separate home.'}","Decrease, restraint, perseverance",,,Mountain and Lake,Virgo,Restraint,I practice decrease with restraint and perseverance.
42,Increase,001001,Increase. It furthers one to undertake something. It furthers one to cross the great water.,"Wind and thunder: the image of Increase. Thus the superior man: If he sees good, he imitates it; if he has faults, he rids himself of them.","{'line_1': 'It furthers one to accomplish great deeds. Supreme good fortune. No blame.', 'line_2': 'Someone does indeed increase him; ten pairs of tortoises cannot oppose it. Constant perseverance brings good fortune. The king presents him before God. Good fortune.', 'line_3': 'One is enriched through unfortunate events. No blame if you are sincere and walk in the middle, and report with a seal to the prince.', 'line_4': 'If you walk in the middle and report to the prince, he will follow. It furthers one to be used in the removal of the capital.', 'line_5': 'If in truth you have a kind heart, ask not. Supreme good fortune. Truly, kindness will be recognized as your virtue.', 'line_6': 'He brings increase to no one. Indeed, someone even strikes him. He does not keep his heart constantly steady. Misfortune.'}","Increase, growth, perseverance",,,Wind and Thunder,Libra,Growth,I embrace increase with growth and perseverance.
43,Breakthrough,111000,Breakthrough. One must resolutely make the matter known at the court of the king. It must be announced truthfully. Danger. It is necessary to notify one's own city. It does not further to resort to arms. It furthers one to undertake something.,The lake has risen up to heaven: the image of Breakthrough. Thus the superior man dispenses riches downward and refrains from resting on his virtue.,"{'line_1': 'Mighty in the forward-striding toes. When one goes and is not equal to the task, one makes a mistake.', 'line_2': 'A cry of alarm. Arms at evening and at night. Fear nothing.', 'line_3': 'To be powerful in the cheekbones brings misfortune. The superior man is firmly resolved. He walks alone and encounters rain. He is bespattered, and people murmur against him. No blame.', 'line_4': 'There is no skin on his thighs, and walking comes hard. If a man were to let himself be led like a sheep, remorse would disappear. But if these words are heard, they will not be believed.', 'line_5': 'In dealing with weeds, firm resolution is necessary. Walking in the middle remains free of blame.', 'line_6': 'No cry. In the end, misfortune comes.'}","Breakthrough, resolution, perseverance",,,Lake and Heaven,Scorpio,Breakthrough,I achieve breakthrough with resolution and perseverance.
44,Coming to Meet,010111,Coming to Meet. The maiden is powerful. One should not marry such a maiden.,"Under heaven, wind: the image of Coming to Meet. Thus does the prince act when disseminating his commands and proclaiming them to the four quarters of heaven.","{'line_1': 'It must be checked with a brake of bronze. Perseverance brings good fortune. If one lets it take its course, one experiences misfortune.', 'line_2': 'There is a fish in the tank. No blame. Does not further guests.', 'line_3': 'There is no skin on his thighs, and walking comes hard. If a man were to let himself be led like a sheep, remorse would disappear. But if these words are heard, they will not be believed.', 'line_4': 'No fish in the tank. This leads to misfortune.', 'line_5': 'A melon covered with willow leaves. Hidden lines. Then it drops down to one from heaven.', 'line_6': 'He comes to meet with his horns. Humiliation. No blame.'}","Meeting, caution, perseverance",,,Wind and Heaven,Sagittarius,Meeting,I come to meet with caution and perseverance.
45,Gathering Together,010011,Gathering Together. Success. The king approaches his temple. It furthers one to see the great man. This brings success. Perseverance furthers. To bring great offerings creates good fortune. It furthers one to undertake something.,"Over the earth, the lake: the image of Gathering Together. Thus the superior man renews his weapons in order to meet the unforeseen.","{'line_1': 'If you are sincere, but not to the end, there will sometimes be confusion, sometimes gathering together. If you call out, then after one grasp of the hand you can laugh again. Regret not. Going is without blame.', 'line_2': 'Letting oneself be drawn brings good fortune and remains blameless. If one is sincere, it furthers one to bring even a small offering.', 'line_3': 'Gathering together amid sighs. Nothing that would further. Going is without blame. Slight humiliation.', 'line_4': 'Great good fortune. No blame.', 'line_5': 'If in gathering together one has position, this brings no blame. If there are some who are not yet sincerely in the work, sublime and enduring perseverance is needed. Then remorse disappears.', 'line_6': 'Lamenting and sighing, floods of tears. No blame.'}","Gathering, success, perseverance",,,Lake and Earth,Capricorn,Gathering,I gather together with success and perseverance.
